number,date,temp
1,06/09/23 08:30:00 AM,12.980
2,06/09/23 09:00:00 AM,12.497
3,06/09/23 09:30:00 AM,12.013
4,06/09/23 10:00:00 AM,11.916
5,06/09/23 10:30:00 AM,12.013
6,06/09/23 11:00:00 AM,12.013
7,06/09/23 11:30:00 AM,12.497
8,06/09/23 12:00:00 PM,12.497
9,06/09/23 12:30:00 PM,12.497
10,06/09/23 01:00:00 PM,12.401
11,06/09/23 01:30:00 PM,12.401
12,06/09/23 02:00:00 PM,12.304
13,06/09/23 02:30:00 PM,13.365
14,06/09/23 03:00:00 PM,13.846
15,06/09/23 03:30:00 PM,14.325
16,06/09/23 04:00:00 PM,15.091
17,06/09/23 04:30:00 PM,14.996
18,06/09/23 05:00:00 PM,14.900
19,06/09/23 05:30:00 PM,15.282
20,06/09/23 06:00:00 PM,15.569
21,06/09/23 06:30:00 PM,14.709
22,06/09/23 07:00:00 PM,14.613
23,06/09/23 07:30:00 PM,14.613
24,06/09/23 08:00:00 PM,14.421
25,06/09/23 08:30:00 PM,14.709
26,06/09/23 09:00:00 PM,14.709
27,06/09/23 09:30:00 PM,14.421
28,06/09/23 10:00:00 PM,14.804
29,06/09/23 10:30:00 PM,14.804
30,06/09/23 11:00:00 PM,13.365
31,06/09/23 11:30:00 PM,12.401
32,06/10/23 12:00:00 AM,12.401
33,06/10/23 12:30:00 AM,12.594
34,06/10/23 01:00:00 AM,12.787
35,06/10/23 01:30:00 AM,12.690
36,06/10/23 02:00:00 AM,12.497
37,06/10/23 02:30:00 AM,13.076
38,06/10/23 03:00:00 AM,14.038
39,06/10/23 03:30:00 AM,14.804
40,06/10/23 04:00:00 AM,15.378
41,06/10/23 04:30:00 AM,15.473
42,06/10/23 05:00:00 AM,14.996
43,06/10/23 05:30:00 AM,14.517
44,06/10/23 06:00:00 AM,14.038
45,06/10/23 06:30:00 AM,14.134
46,06/10/23 07:00:00 AM,14.134
47,06/10/23 07:30:00 AM,14.134
48,06/10/23 08:00:00 AM,14.134
49,06/10/23 08:30:00 AM,14.613
50,06/10/23 09:00:00 AM,14.517
51,06/10/23 09:30:00 AM,14.421
52,06/10/23 10:00:00 AM,14.038
53,06/10/23 10:30:00 AM,13.269
54,06/10/23 11:00:00 AM,12.594
55,06/10/23 11:30:00 AM,11.819
56,06/10/23 12:00:00 PM,11.625
57,06/10/23 12:30:00 PM,11.819
58,06/10/23 01:00:00 PM,11.916
59,06/10/23 01:30:00 PM,12.304
60,06/10/23 02:00:00 PM,12.304
61,06/10/23 02:30:00 PM,12.110
62,06/10/23 03:00:00 PM,12.304
63,06/10/23 03:30:00 PM,12.207
64,06/10/23 04:00:00 PM,12.980
65,06/10/23 04:30:00 PM,12.980
66,06/10/23 05:00:00 PM,12.980
67,06/10/23 05:30:00 PM,14.230
68,06/10/23 06:00:00 PM,14.038
69,06/10/23 06:30:00 PM,14.325
70,06/10/23 07:00:00 PM,13.942
71,06/10/23 07:30:00 PM,13.461
72,06/10/23 08:00:00 PM,13.461
73,06/10/23 08:30:00 PM,13.269
74,06/10/23 09:00:00 PM,13.461
75,06/10/23 09:30:00 PM,13.365
76,06/10/23 10:00:00 PM,13.558
77,06/10/23 10:30:00 PM,13.269
78,06/10/23 11:00:00 PM,13.365
79,06/10/23 11:30:00 PM,12.690
80,06/11/23 12:00:00 AM,12.594
81,06/11/23 12:30:00 AM,12.690
82,06/11/23 01:00:00 AM,12.207
83,06/11/23 01:30:00 AM,12.207
84,06/11/23 02:00:00 AM,12.013
85,06/11/23 02:30:00 AM,11.722
86,06/11/23 03:00:00 AM,12.013
87,06/11/23 03:30:00 AM,12.013
88,06/11/23 04:00:00 AM,12.304
89,06/11/23 04:30:00 AM,12.690
90,06/11/23 05:00:00 AM,13.750
91,06/11/23 05:30:00 AM,14.325
92,06/11/23 06:00:00 AM,14.038
93,06/11/23 06:30:00 AM,14.421
94,06/11/23 07:00:00 AM,14.517
95,06/11/23 07:30:00 AM,14.804
96,06/11/23 08:00:00 AM,14.709
97,06/11/23 08:30:00 AM,14.613
98,06/11/23 09:00:00 AM,14.230
99,06/11/23 09:30:00 AM,13.654
100,06/11/23 10:00:00 AM,12.594
101,06/11/23 10:30:00 AM,12.401
102,06/11/23 11:00:00 AM,12.110
103,06/11/23 11:30:00 AM,12.110
104,06/11/23 12:00:00 PM,12.304
105,06/11/23 12:30:00 PM,12.497
106,06/11/23 01:00:00 PM,13.076
107,06/11/23 01:30:00 PM,14.038
108,06/11/23 02:00:00 PM,14.230
109,06/11/23 02:30:00 PM,14.613
110,06/11/23 03:00:00 PM,14.900
111,06/11/23 03:30:00 PM,14.230
112,06/11/23 04:00:00 PM,15.091
113,06/11/23 04:30:00 PM,14.996
114,06/11/23 05:00:00 PM,15.187
115,06/11/23 05:30:00 PM,15.282
116,06/11/23 06:00:00 PM,15.187
117,06/11/23 06:30:00 PM,15.378
118,06/11/23 07:00:00 PM,15.473
119,06/11/23 07:30:00 PM,15.664
120,06/11/23 08:00:00 PM,15.378
121,06/11/23 08:30:00 PM,15.855
122,06/11/23 09:00:00 PM,16.141
123,06/11/23 09:30:00 PM,16.332
124,06/11/23 10:00:00 PM,16.141
125,06/11/23 10:30:00 PM,15.282
126,06/11/23 11:00:00 PM,14.421
127,06/11/23 11:30:00 PM,15.091
128,06/12/23 12:00:00 AM,14.804
129,06/12/23 12:30:00 AM,14.900
130,06/12/23 01:00:00 AM,14.134
131,06/12/23 01:30:00 AM,12.883
132,06/12/23 02:00:00 AM,12.883
133,06/12/23 02:30:00 AM,13.076
134,06/12/23 03:00:00 AM,13.269
135,06/12/23 03:30:00 AM,13.365
136,06/12/23 04:00:00 AM,13.365
137,06/12/23 04:30:00 AM,13.365
138,06/12/23 05:00:00 AM,13.269
139,06/12/23 05:30:00 AM,13.942
140,06/12/23 06:00:00 AM,13.942
141,06/12/23 06:30:00 AM,14.421
142,06/12/23 07:00:00 AM,14.900
143,06/12/23 07:30:00 AM,15.378
144,06/12/23 08:00:00 AM,15.378
145,06/12/23 08:30:00 AM,15.282
146,06/12/23 09:00:00 AM,15.473
147,06/12/23 09:30:00 AM,15.855
148,06/12/23 10:00:00 AM,15.951
149,06/12/23 10:30:00 AM,16.427
150,06/12/23 11:00:00 AM,16.332
151,06/12/23 11:30:00 AM,16.332
152,06/12/23 12:00:00 PM,16.808
153,06/12/23 12:30:00 PM,16.523
154,06/12/23 01:00:00 PM,16.427
155,06/12/23 01:30:00 PM,16.332
156,06/12/23 02:00:00 PM,16.332
157,06/12/23 02:30:00 PM,15.951
158,06/12/23 03:00:00 PM,15.760
159,06/12/23 03:30:00 PM,15.664
160,06/12/23 04:00:00 PM,15.951
161,06/12/23 04:30:00 PM,15.760
162,06/12/23 05:00:00 PM,15.378
163,06/12/23 05:30:00 PM,15.378
164,06/12/23 06:00:00 PM,15.760
165,06/12/23 06:30:00 PM,14.996
166,06/12/23 07:00:00 PM,14.900
167,06/12/23 07:30:00 PM,15.282
168,06/12/23 08:00:00 PM,15.091
169,06/12/23 08:30:00 PM,14.996
170,06/12/23 09:00:00 PM,15.473
171,06/12/23 09:30:00 PM,15.664
172,06/12/23 10:00:00 PM,15.760
173,06/12/23 10:30:00 PM,15.760
174,06/12/23 11:00:00 PM,15.855
175,06/12/23 11:30:00 PM,15.760
176,06/13/23 12:00:00 AM,15.664
177,06/13/23 12:30:00 AM,15.282
178,06/13/23 01:00:00 AM,15.282
179,06/13/23 01:30:00 AM,14.804
180,06/13/23 02:00:00 AM,14.709
181,06/13/23 02:30:00 AM,14.804
182,06/13/23 03:00:00 AM,14.804
183,06/13/23 03:30:00 AM,14.804
184,06/13/23 04:00:00 AM,14.421
185,06/13/23 04:30:00 AM,14.134
186,06/13/23 05:00:00 AM,14.230
187,06/13/23 05:30:00 AM,14.421
188,06/13/23 06:00:00 AM,14.325
189,06/13/23 06:30:00 AM,15.760
190,06/13/23 07:00:00 AM,15.855
191,06/13/23 07:30:00 AM,15.569
192,06/13/23 08:00:00 AM,15.760
193,06/13/23 08:30:00 AM,15.760
194,06/13/23 09:00:00 AM,15.855
195,06/13/23 09:30:00 AM,15.951
196,06/13/23 10:00:00 AM,16.237
197,06/13/23 10:30:00 AM,15.855
198,06/13/23 11:00:00 AM,15.378
199,06/13/23 11:30:00 AM,15.569
200,06/13/23 12:00:00 PM,15.855
201,06/13/23 12:30:00 PM,16.141
202,06/13/23 01:00:00 PM,16.141
203,06/13/23 01:30:00 PM,16.141
204,06/13/23 02:00:00 PM,15.855
205,06/13/23 02:30:00 PM,15.473
206,06/13/23 03:00:00 PM,15.378
207,06/13/23 03:30:00 PM,15.187
208,06/13/23 04:00:00 PM,14.996
209,06/13/23 04:30:00 PM,14.900
210,06/13/23 05:00:00 PM,14.900
211,06/13/23 05:30:00 PM,14.900
212,06/13/23 06:00:00 PM,14.900
213,06/13/23 06:30:00 PM,15.091
214,06/13/23 07:00:00 PM,14.996
215,06/13/23 07:30:00 PM,14.996
216,06/13/23 08:00:00 PM,15.378
217,06/13/23 08:30:00 PM,15.378
218,06/13/23 09:00:00 PM,15.282
219,06/13/23 09:30:00 PM,15.378
220,06/13/23 10:00:00 PM,15.473
221,06/13/23 10:30:00 PM,15.473
222,06/13/23 11:00:00 PM,15.378
223,06/13/23 11:30:00 PM,15.473
224,06/14/23 12:00:00 AM,15.473
225,06/14/23 12:30:00 AM,15.187
226,06/14/23 01:00:00 AM,15.473
227,06/14/23 01:30:00 AM,15.664
228,06/14/23 02:00:00 AM,15.760
229,06/14/23 02:30:00 AM,15.664
230,06/14/23 03:00:00 AM,15.569
231,06/14/23 03:30:00 AM,15.569
232,06/14/23 04:00:00 AM,15.569
233,06/14/23 04:30:00 AM,15.569
234,06/14/23 05:00:00 AM,15.664
235,06/14/23 05:30:00 AM,15.569
236,06/14/23 06:00:00 AM,15.569
237,06/14/23 06:30:00 AM,15.664
238,06/14/23 07:00:00 AM,15.664
239,06/14/23 07:30:00 AM,15.664
240,06/14/23 08:00:00 AM,15.664
241,06/14/23 08:30:00 AM,15.569
242,06/14/23 09:00:00 AM,15.473
243,06/14/23 09:30:00 AM,15.282
244,06/14/23 10:00:00 AM,15.378
245,06/14/23 10:30:00 AM,15.569
246,06/14/23 11:00:00 AM,15.664
247,06/14/23 11:30:00 AM,15.760
248,06/14/23 12:00:00 PM,15.569
249,06/14/23 12:30:00 PM,15.569
250,06/14/23 01:00:00 PM,15.664
251,06/14/23 01:30:00 PM,15.473
252,06/14/23 02:00:00 PM,15.473
253,06/14/23 02:30:00 PM,15.378
254,06/14/23 03:00:00 PM,15.378
255,06/14/23 03:30:00 PM,15.378
256,06/14/23 04:00:00 PM,15.378
257,06/14/23 04:30:00 PM,15.473
258,06/14/23 05:00:00 PM,15.378
259,06/14/23 05:30:00 PM,15.282
260,06/14/23 06:00:00 PM,15.378
261,06/14/23 06:30:00 PM,15.473
262,06/14/23 07:00:00 PM,15.473
263,06/14/23 07:30:00 PM,15.569
264,06/14/23 08:00:00 PM,15.378
265,06/14/23 08:30:00 PM,15.378
266,06/14/23 09:00:00 PM,15.378
267,06/14/23 09:30:00 PM,15.473
268,06/14/23 10:00:00 PM,15.569
269,06/14/23 10:30:00 PM,15.378
270,06/14/23 11:00:00 PM,15.282
271,06/14/23 11:30:00 PM,15.187
272,06/15/23 12:00:00 AM,15.187
273,06/15/23 12:30:00 AM,15.091
274,06/15/23 01:00:00 AM,15.187
275,06/15/23 01:30:00 AM,15.187
276,06/15/23 02:00:00 AM,15.378
277,06/15/23 02:30:00 AM,15.378
278,06/15/23 03:00:00 AM,15.187
279,06/15/23 03:30:00 AM,15.282
280,06/15/23 04:00:00 AM,15.282
281,06/15/23 04:30:00 AM,15.378
282,06/15/23 05:00:00 AM,15.378
283,06/15/23 05:30:00 AM,15.473
284,06/15/23 06:00:00 AM,15.473
285,06/15/23 06:30:00 AM,15.473
286,06/15/23 07:00:00 AM,15.569
287,06/15/23 07:30:00 AM,15.378
288,06/15/23 08:00:00 AM,15.378
289,06/15/23 08:30:00 AM,15.378
290,06/15/23 09:00:00 AM,15.569
291,06/15/23 09:30:00 AM,15.664
292,06/15/23 10:00:00 AM,15.855
293,06/15/23 10:30:00 AM,15.664
294,06/15/23 11:00:00 AM,15.664
295,06/15/23 11:30:00 AM,15.760
296,06/15/23 12:00:00 PM,15.760
297,06/15/23 12:30:00 PM,15.951
298,06/15/23 01:00:00 PM,15.664
299,06/15/23 01:30:00 PM,15.378
300,06/15/23 02:00:00 PM,14.517
301,06/15/23 02:30:00 PM,14.325
302,06/15/23 03:00:00 PM,14.421
303,06/15/23 03:30:00 PM,14.421
304,06/15/23 04:00:00 PM,14.900
305,06/15/23 04:30:00 PM,14.804
306,06/15/23 05:00:00 PM,14.613
307,06/15/23 05:30:00 PM,14.709
308,06/15/23 06:00:00 PM,14.709
309,06/15/23 06:30:00 PM,14.804
310,06/15/23 07:00:00 PM,14.804
311,06/15/23 07:30:00 PM,14.804
312,06/15/23 08:00:00 PM,15.091
313,06/15/23 08:30:00 PM,15.664
314,06/15/23 09:00:00 PM,16.427
315,06/15/23 09:30:00 PM,16.618
316,06/15/23 10:00:00 PM,16.808
317,06/15/23 10:30:00 PM,16.713
318,06/15/23 11:00:00 PM,16.713
319,06/15/23 11:30:00 PM,16.618
320,06/16/23 12:00:00 AM,16.523
321,06/16/23 12:30:00 AM,16.523
322,06/16/23 01:00:00 AM,15.855
323,06/16/23 01:30:00 AM,15.664
324,06/16/23 02:00:00 AM,15.569
325,06/16/23 02:30:00 AM,15.569
326,06/16/23 03:00:00 AM,15.187
327,06/16/23 03:30:00 AM,14.996
328,06/16/23 04:00:00 AM,14.709
329,06/16/23 04:30:00 AM,14.613
330,06/16/23 05:00:00 AM,14.421
331,06/16/23 05:30:00 AM,14.325
332,06/16/23 06:00:00 AM,14.421
333,06/16/23 06:30:00 AM,14.613
334,06/16/23 07:00:00 AM,15.091
335,06/16/23 07:30:00 AM,15.473
336,06/16/23 08:00:00 AM,15.664
337,06/16/23 08:30:00 AM,15.760
338,06/16/23 09:00:00 AM,16.046
339,06/16/23 09:30:00 AM,16.141
340,06/16/23 10:00:00 AM,16.237
341,06/16/23 10:30:00 AM,15.951
342,06/16/23 11:00:00 AM,16.237
343,06/16/23 11:30:00 AM,16.141
344,06/16/23 12:00:00 PM,16.332
345,06/16/23 12:30:00 PM,15.378
346,06/16/23 01:00:00 PM,14.230
347,06/16/23 01:30:00 PM,14.134
348,06/16/23 02:00:00 PM,14.134
349,06/16/23 02:30:00 PM,13.942
350,06/16/23 03:00:00 PM,13.558
351,06/16/23 03:30:00 PM,13.942
352,06/16/23 04:00:00 PM,13.942
353,06/16/23 04:30:00 PM,14.325
354,06/16/23 05:00:00 PM,14.325
355,06/16/23 05:30:00 PM,14.134
356,06/16/23 06:00:00 PM,14.325
357,06/16/23 06:30:00 PM,14.230
358,06/16/23 07:00:00 PM,13.942
359,06/16/23 07:30:00 PM,13.654
360,06/16/23 08:00:00 PM,13.750
361,06/16/23 08:30:00 PM,13.846
362,06/16/23 09:00:00 PM,13.942
363,06/16/23 09:30:00 PM,14.230
364,06/16/23 10:00:00 PM,15.282
365,06/16/23 10:30:00 PM,14.996
366,06/16/23 11:00:00 PM,14.230
367,06/16/23 11:30:00 PM,14.230
368,06/17/23 12:00:00 AM,14.230
369,06/17/23 12:30:00 AM,13.942
370,06/17/23 01:00:00 AM,13.942
371,06/17/23 01:30:00 AM,14.230
372,06/17/23 02:00:00 AM,14.517
373,06/17/23 02:30:00 AM,14.804
374,06/17/23 03:00:00 AM,14.134
375,06/17/23 03:30:00 AM,13.846
376,06/17/23 04:00:00 AM,13.173
377,06/17/23 04:30:00 AM,12.980
378,06/17/23 05:00:00 AM,12.497
379,06/17/23 05:30:00 AM,12.594
380,06/17/23 06:00:00 AM,12.690
381,06/17/23 06:30:00 AM,12.690
382,06/17/23 07:00:00 AM,12.690
383,06/17/23 07:30:00 AM,13.750
384,06/17/23 08:00:00 AM,14.325
385,06/17/23 08:30:00 AM,14.134
386,06/17/23 09:00:00 AM,14.230
387,06/17/23 09:30:00 AM,14.134
388,06/17/23 10:00:00 AM,14.230
389,06/17/23 10:30:00 AM,14.230
390,06/17/23 11:00:00 AM,14.230
391,06/17/23 11:30:00 AM,14.613
392,06/17/23 12:00:00 PM,14.709
393,06/17/23 12:30:00 PM,14.613
394,06/17/23 01:00:00 PM,14.804
395,06/17/23 01:30:00 PM,15.951
396,06/17/23 02:00:00 PM,15.855
397,06/17/23 02:30:00 PM,15.378
398,06/17/23 03:00:00 PM,15.282
399,06/17/23 03:30:00 PM,15.187
400,06/17/23 04:00:00 PM,15.473
401,06/17/23 04:30:00 PM,15.855
402,06/17/23 05:00:00 PM,15.760
403,06/17/23 05:30:00 PM,15.855
404,06/17/23 06:00:00 PM,15.855
405,06/17/23 06:30:00 PM,15.760
406,06/17/23 07:00:00 PM,15.760
407,06/17/23 07:30:00 PM,15.282
408,06/17/23 08:00:00 PM,15.378
409,06/17/23 08:30:00 PM,14.996
410,06/17/23 09:00:00 PM,14.996
411,06/17/23 09:30:00 PM,14.996
412,06/17/23 10:00:00 PM,14.517
413,06/17/23 10:30:00 PM,14.517
414,06/17/23 11:00:00 PM,14.517
415,06/17/23 11:30:00 PM,14.421
416,06/18/23 12:00:00 AM,14.325
417,06/18/23 12:30:00 AM,14.134
418,06/18/23 01:00:00 AM,14.517
419,06/18/23 01:30:00 AM,14.613
420,06/18/23 02:00:00 AM,14.804
421,06/18/23 02:30:00 AM,14.613
422,06/18/23 03:00:00 AM,14.709
423,06/18/23 03:30:00 AM,14.613
424,06/18/23 04:00:00 AM,14.325
425,06/18/23 04:30:00 AM,14.134
426,06/18/23 05:00:00 AM,14.038
427,06/18/23 05:30:00 AM,14.038
428,06/18/23 06:00:00 AM,13.654
429,06/18/23 06:30:00 AM,14.038
430,06/18/23 07:00:00 AM,14.517
431,06/18/23 07:30:00 AM,14.709
432,06/18/23 08:00:00 AM,15.282
433,06/18/23 08:30:00 AM,15.378
434,06/18/23 09:00:00 AM,15.473
435,06/18/23 09:30:00 AM,15.473
436,06/18/23 10:00:00 AM,15.569
437,06/18/23 10:30:00 AM,15.473
438,06/18/23 11:00:00 AM,15.378
439,06/18/23 11:30:00 AM,15.569
440,06/18/23 12:00:00 PM,15.569
441,06/18/23 12:30:00 PM,15.473
442,06/18/23 01:00:00 PM,15.760
443,06/18/23 01:30:00 PM,15.855
444,06/18/23 02:00:00 PM,16.046
445,06/18/23 02:30:00 PM,15.951
446,06/18/23 03:00:00 PM,15.569
447,06/18/23 03:30:00 PM,15.760
448,06/18/23 04:00:00 PM,15.569
449,06/18/23 04:30:00 PM,15.664
450,06/18/23 05:00:00 PM,15.760
451,06/18/23 05:30:00 PM,16.046
452,06/18/23 06:00:00 PM,15.664
453,06/18/23 06:30:00 PM,15.855
454,06/18/23 07:00:00 PM,15.760
455,06/18/23 07:30:00 PM,15.664
456,06/18/23 08:00:00 PM,14.804
457,06/18/23 08:30:00 PM,14.517
458,06/18/23 09:00:00 PM,14.709
459,06/18/23 09:30:00 PM,14.517
460,06/18/23 10:00:00 PM,14.230
461,06/18/23 10:30:00 PM,14.421
462,06/18/23 11:00:00 PM,14.613
463,06/18/23 11:30:00 PM,14.230
464,06/19/23 12:00:00 AM,14.900
465,06/19/23 12:30:00 AM,14.996
466,06/19/23 01:00:00 AM,15.378
467,06/19/23 01:30:00 AM,15.282
468,06/19/23 02:00:00 AM,15.378
469,06/19/23 02:30:00 AM,15.282
470,06/19/23 03:00:00 AM,14.038
471,06/19/23 03:30:00 AM,13.942
472,06/19/23 04:00:00 AM,13.942
473,06/19/23 04:30:00 AM,13.750
474,06/19/23 05:00:00 AM,13.558
475,06/19/23 05:30:00 AM,13.461
476,06/19/23 06:00:00 AM,13.269
477,06/19/23 06:30:00 AM,13.173
478,06/19/23 07:00:00 AM,13.173
479,06/19/23 07:30:00 AM,13.269
480,06/19/23 08:00:00 AM,13.365
481,06/19/23 08:30:00 AM,13.461
482,06/19/23 09:00:00 AM,13.461
483,06/19/23 09:30:00 AM,13.654
484,06/19/23 10:00:00 AM,14.038
485,06/19/23 10:30:00 AM,14.230
486,06/19/23 11:00:00 AM,14.900
487,06/19/23 11:30:00 AM,15.091
488,06/19/23 12:00:00 PM,15.282
489,06/19/23 12:30:00 PM,15.664
490,06/19/23 01:00:00 PM,15.569
491,06/19/23 01:30:00 PM,15.282
492,06/19/23 02:00:00 PM,15.951
493,06/19/23 02:30:00 PM,15.951
494,06/19/23 03:00:00 PM,16.046
495,06/19/23 03:30:00 PM,15.473
496,06/19/23 04:00:00 PM,14.709
497,06/19/23 04:30:00 PM,14.900
498,06/19/23 05:00:00 PM,14.325
499,06/19/23 05:30:00 PM,14.325
500,06/19/23 06:00:00 PM,14.613
501,06/19/23 06:30:00 PM,14.230
502,06/19/23 07:00:00 PM,14.421
503,06/19/23 07:30:00 PM,14.613
504,06/19/23 08:00:00 PM,14.900
505,06/19/23 08:30:00 PM,14.613
506,06/19/23 09:00:00 PM,15.473
507,06/19/23 09:30:00 PM,15.473
508,06/19/23 10:00:00 PM,14.421
509,06/19/23 10:30:00 PM,14.134
510,06/19/23 11:00:00 PM,13.942
511,06/19/23 11:30:00 PM,14.038
512,06/20/23 12:00:00 AM,14.230
513,06/20/23 12:30:00 AM,14.230
514,06/20/23 01:00:00 AM,14.613
515,06/20/23 01:30:00 AM,14.709
516,06/20/23 02:00:00 AM,14.900
517,06/20/23 02:30:00 AM,14.996
518,06/20/23 03:00:00 AM,14.804
519,06/20/23 03:30:00 AM,14.230
520,06/20/23 04:00:00 AM,13.846
521,06/20/23 04:30:00 AM,14.613
522,06/20/23 05:00:00 AM,14.709
523,06/20/23 05:30:00 AM,14.613
524,06/20/23 06:00:00 AM,14.325
525,06/20/23 06:30:00 AM,13.942
526,06/20/23 07:00:00 AM,13.846
527,06/20/23 07:30:00 AM,13.365
528,06/20/23 08:00:00 AM,12.401
529,06/20/23 08:30:00 AM,12.980
530,06/20/23 09:00:00 AM,12.980
531,06/20/23 09:30:00 AM,12.883
532,06/20/23 10:00:00 AM,13.173
533,06/20/23 10:30:00 AM,13.173
534,06/20/23 11:00:00 AM,13.269
535,06/20/23 11:30:00 AM,12.787
536,06/20/23 12:00:00 PM,13.076
537,06/20/23 12:30:00 PM,14.325
538,06/20/23 01:00:00 PM,13.942
539,06/20/23 01:30:00 PM,14.804
540,06/20/23 02:00:00 PM,15.664
541,06/20/23 02:30:00 PM,15.855
542,06/20/23 03:00:00 PM,15.760
543,06/20/23 03:30:00 PM,15.569
544,06/20/23 04:00:00 PM,15.569
545,06/20/23 04:30:00 PM,15.282
546,06/20/23 05:00:00 PM,14.996
547,06/20/23 05:30:00 PM,15.282
548,06/20/23 06:00:00 PM,15.187
549,06/20/23 06:30:00 PM,15.282
550,06/20/23 07:00:00 PM,15.282
551,06/20/23 07:30:00 PM,15.378
552,06/20/23 08:00:00 PM,15.378
553,06/20/23 08:30:00 PM,15.378
554,06/20/23 09:00:00 PM,15.282
555,06/20/23 09:30:00 PM,14.900
556,06/20/23 10:00:00 PM,14.804
557,06/20/23 10:30:00 PM,14.613
558,06/20/23 11:00:00 PM,14.517
559,06/20/23 11:30:00 PM,14.613
560,06/21/23 12:00:00 AM,14.613
561,06/21/23 12:30:00 AM,14.325
562,06/21/23 01:00:00 AM,14.325
563,06/21/23 01:30:00 AM,14.325
564,06/21/23 02:00:00 AM,14.325
565,06/21/23 02:30:00 AM,14.325
566,06/21/23 03:00:00 AM,14.325
567,06/21/23 03:30:00 AM,14.325
568,06/21/23 04:00:00 AM,14.325
569,06/21/23 04:30:00 AM,14.230
570,06/21/23 05:00:00 AM,14.325
571,06/21/23 05:30:00 AM,14.230
572,06/21/23 06:00:00 AM,14.230
573,06/21/23 06:30:00 AM,14.230
574,06/21/23 07:00:00 AM,14.230
575,06/21/23 07:30:00 AM,14.230
576,06/21/23 08:00:00 AM,14.230
577,06/21/23 08:30:00 AM,14.230
578,06/21/23 09:00:00 AM,14.230
579,06/21/23 09:30:00 AM,14.325
580,06/21/23 10:00:00 AM,12.787
581,06/21/23 10:30:00 AM,12.594
582,06/21/23 11:00:00 AM,12.497
583,06/21/23 11:30:00 AM,12.304
584,06/21/23 12:00:00 PM,12.110
585,06/21/23 12:30:00 PM,12.207
586,06/21/23 01:00:00 PM,12.304
587,06/21/23 01:30:00 PM,12.304
588,06/21/23 02:00:00 PM,13.750
589,06/21/23 02:30:00 PM,14.517
590,06/21/23 03:00:00 PM,15.473
591,06/21/23 03:30:00 PM,15.569
592,06/21/23 04:00:00 PM,15.378
593,06/21/23 04:30:00 PM,15.282
594,06/21/23 05:00:00 PM,14.804
595,06/21/23 05:30:00 PM,14.709
596,06/21/23 06:00:00 PM,14.517
597,06/21/23 06:30:00 PM,14.421
598,06/21/23 07:00:00 PM,14.517
599,06/21/23 07:30:00 PM,14.325
600,06/21/23 08:00:00 PM,14.421
601,06/21/23 08:30:00 PM,14.421
602,06/21/23 09:00:00 PM,14.421
603,06/21/23 09:30:00 PM,14.421
604,06/21/23 10:00:00 PM,14.517
605,06/21/23 10:30:00 PM,14.325
606,06/21/23 11:00:00 PM,13.942
607,06/21/23 11:30:00 PM,11.528
608,06/22/23 12:00:00 AM,12.304
609,06/22/23 12:30:00 AM,12.304
610,06/22/23 01:00:00 AM,12.883
611,06/22/23 01:30:00 AM,14.517
612,06/22/23 02:00:00 AM,14.517
613,06/22/23 02:30:00 AM,14.709
614,06/22/23 03:00:00 AM,14.804
615,06/22/23 03:30:00 AM,14.325
616,06/22/23 04:00:00 AM,14.230
617,06/22/23 04:30:00 AM,14.325
618,06/22/23 05:00:00 AM,14.421
619,06/22/23 05:30:00 AM,14.230
620,06/22/23 06:00:00 AM,14.230
621,06/22/23 06:30:00 AM,14.230
622,06/22/23 07:00:00 AM,14.038
623,06/22/23 07:30:00 AM,14.038
624,06/22/23 08:00:00 AM,13.558
625,06/22/23 08:30:00 AM,12.110
626,06/22/23 09:00:00 AM,11.528
627,06/22/23 09:30:00 AM,11.528
628,06/22/23 10:00:00 AM,11.625
629,06/22/23 10:30:00 AM,11.625
630,06/22/23 11:00:00 AM,11.722
631,06/22/23 11:30:00 AM,11.722
632,06/22/23 12:00:00 PM,11.819
633,06/22/23 12:30:00 PM,12.013
634,06/22/23 01:00:00 PM,12.594
635,06/22/23 01:30:00 PM,12.594
636,06/22/23 02:00:00 PM,12.883
637,06/22/23 02:30:00 PM,13.173
638,06/22/23 03:00:00 PM,13.365
639,06/22/23 03:30:00 PM,14.900
640,06/22/23 04:00:00 PM,14.709
641,06/22/23 04:30:00 PM,14.804
642,06/22/23 05:00:00 PM,15.664
643,06/22/23 05:30:00 PM,16.141
644,06/22/23 06:00:00 PM,15.569
645,06/22/23 06:30:00 PM,15.473
646,06/22/23 07:00:00 PM,15.569
647,06/22/23 07:30:00 PM,15.473
648,06/22/23 08:00:00 PM,15.091
649,06/22/23 08:30:00 PM,15.091
650,06/22/23 09:00:00 PM,12.013
651,06/22/23 09:30:00 PM,11.819
652,06/22/23 10:00:00 PM,12.110
653,06/22/23 10:30:00 PM,12.207
654,06/22/23 11:00:00 PM,12.401
655,06/22/23 11:30:00 PM,12.401
656,06/23/23 12:00:00 AM,12.207
657,06/23/23 12:30:00 AM,12.594
658,06/23/23 01:00:00 AM,12.401
659,06/23/23 01:30:00 AM,13.269
660,06/23/23 02:00:00 AM,13.269
661,06/23/23 02:30:00 AM,13.558
662,06/23/23 03:00:00 AM,13.846
663,06/23/23 03:30:00 AM,13.461
664,06/23/23 04:00:00 AM,13.269
665,06/23/23 04:30:00 AM,14.325
666,06/23/23 05:00:00 AM,14.517
667,06/23/23 05:30:00 AM,14.804
668,06/23/23 06:00:00 AM,14.517
669,06/23/23 06:30:00 AM,14.325
670,06/23/23 07:00:00 AM,13.942
671,06/23/23 07:30:00 AM,13.558
672,06/23/23 08:00:00 AM,12.980
673,06/23/23 08:30:00 AM,12.401
674,06/23/23 09:00:00 AM,12.304
675,06/23/23 09:30:00 AM,12.497
676,06/23/23 10:00:00 AM,12.594
677,06/23/23 10:30:00 AM,12.690
678,06/23/23 11:00:00 AM,12.690
679,06/23/23 11:30:00 AM,12.787
680,06/23/23 12:00:00 PM,12.883
681,06/23/23 12:30:00 PM,12.980
682,06/23/23 01:00:00 PM,13.558
683,06/23/23 01:30:00 PM,13.846
684,06/23/23 02:00:00 PM,14.134
685,06/23/23 02:30:00 PM,13.942
686,06/23/23 03:00:00 PM,13.750
687,06/23/23 03:30:00 PM,14.421
688,06/23/23 04:00:00 PM,14.996
689,06/23/23 04:30:00 PM,15.091
690,06/23/23 05:00:00 PM,15.091
691,06/23/23 05:30:00 PM,15.091
692,06/23/23 06:00:00 PM,15.569
693,06/23/23 06:30:00 PM,15.760
694,06/23/23 07:00:00 PM,16.046
695,06/23/23 07:30:00 PM,16.332
696,06/23/23 08:00:00 PM,16.237
697,06/23/23 08:30:00 PM,15.282
698,06/23/23 09:00:00 PM,15.760
699,06/23/23 09:30:00 PM,14.613
700,06/23/23 10:00:00 PM,14.613
701,06/23/23 10:30:00 PM,14.421
702,06/23/23 11:00:00 PM,13.076
703,06/23/23 11:30:00 PM,12.594
704,06/24/23 12:00:00 AM,12.690
705,06/24/23 12:30:00 AM,12.883
706,06/24/23 01:00:00 AM,13.269
707,06/24/23 01:30:00 AM,13.365
708,06/24/23 02:00:00 AM,12.883
709,06/24/23 02:30:00 AM,12.883
710,06/24/23 03:00:00 AM,12.980
711,06/24/23 03:30:00 AM,13.558
712,06/24/23 04:00:00 AM,14.038
713,06/24/23 04:30:00 AM,14.038
714,06/24/23 05:00:00 AM,14.804
715,06/24/23 05:30:00 AM,15.187
716,06/24/23 06:00:00 AM,15.473
717,06/24/23 06:30:00 AM,15.664
718,06/24/23 07:00:00 AM,14.421
719,06/24/23 07:30:00 AM,14.325
720,06/24/23 08:00:00 AM,14.038
721,06/24/23 08:30:00 AM,13.654
722,06/24/23 09:00:00 AM,13.269
723,06/24/23 09:30:00 AM,13.461
724,06/24/23 10:00:00 AM,13.558
725,06/24/23 10:30:00 AM,13.654
726,06/24/23 11:00:00 AM,14.134
727,06/24/23 11:30:00 AM,14.613
728,06/24/23 12:00:00 PM,15.091
729,06/24/23 12:30:00 PM,15.091
730,06/24/23 01:00:00 PM,15.378
731,06/24/23 01:30:00 PM,15.473
732,06/24/23 02:00:00 PM,15.569
733,06/24/23 02:30:00 PM,15.855
734,06/24/23 03:00:00 PM,16.046
735,06/24/23 03:30:00 PM,16.237
736,06/24/23 04:00:00 PM,16.808
737,06/24/23 04:30:00 PM,16.332
738,06/24/23 05:00:00 PM,16.141
739,06/24/23 05:30:00 PM,15.855
740,06/24/23 06:00:00 PM,15.569
741,06/24/23 06:30:00 PM,15.760
742,06/24/23 07:00:00 PM,15.282
743,06/24/23 07:30:00 PM,15.378
744,06/24/23 08:00:00 PM,15.473
745,06/24/23 08:30:00 PM,15.091
746,06/24/23 09:00:00 PM,14.900
747,06/24/23 09:30:00 PM,14.613
748,06/24/23 10:00:00 PM,14.134
749,06/24/23 10:30:00 PM,13.750
750,06/24/23 11:00:00 PM,12.883
751,06/24/23 11:30:00 PM,12.497
752,06/25/23 12:00:00 AM,12.594
753,06/25/23 12:30:00 AM,12.690
754,06/25/23 01:00:00 AM,12.787
755,06/25/23 01:30:00 AM,12.497
756,06/25/23 02:00:00 AM,12.594
757,06/25/23 02:30:00 AM,12.401
758,06/25/23 03:00:00 AM,12.207
759,06/25/23 03:30:00 AM,12.787
760,06/25/23 04:00:00 AM,12.787
761,06/25/23 04:30:00 AM,13.173
762,06/25/23 05:00:00 AM,13.558
763,06/25/23 05:30:00 AM,13.750
764,06/25/23 06:00:00 AM,14.134
765,06/25/23 06:30:00 AM,14.804
766,06/25/23 07:00:00 AM,14.804
767,06/25/23 07:30:00 AM,14.804
768,06/25/23 08:00:00 AM,14.613
769,06/25/23 08:30:00 AM,14.230
770,06/25/23 09:00:00 AM,14.038
771,06/25/23 09:30:00 AM,13.846
772,06/25/23 10:00:00 AM,13.461
773,06/25/23 10:30:00 AM,13.654
774,06/25/23 11:00:00 AM,13.076
775,06/25/23 11:30:00 AM,12.883
776,06/25/23 12:00:00 PM,12.980
777,06/25/23 12:30:00 PM,13.076
778,06/25/23 01:00:00 PM,13.461
779,06/25/23 01:30:00 PM,13.461
780,06/25/23 02:00:00 PM,13.654
781,06/25/23 02:30:00 PM,13.654
782,06/25/23 03:00:00 PM,13.654
783,06/25/23 03:30:00 PM,13.461
784,06/25/23 04:00:00 PM,13.461
785,06/25/23 04:30:00 PM,14.804
786,06/25/23 05:00:00 PM,14.230
787,06/25/23 05:30:00 PM,13.846
788,06/25/23 06:00:00 PM,14.709
789,06/25/23 06:30:00 PM,14.804
790,06/25/23 07:00:00 PM,14.996
791,06/25/23 07:30:00 PM,15.091
792,06/25/23 08:00:00 PM,15.187
793,06/25/23 08:30:00 PM,15.187
794,06/25/23 09:00:00 PM,15.282
795,06/25/23 09:30:00 PM,15.378
796,06/25/23 10:00:00 PM,16.046
797,06/25/23 10:30:00 PM,16.237
798,06/25/23 11:00:00 PM,15.569
799,06/25/23 11:30:00 PM,15.378
800,06/26/23 12:00:00 AM,14.900
801,06/26/23 12:30:00 AM,14.613
802,06/26/23 01:00:00 AM,14.325
803,06/26/23 01:30:00 AM,13.846
804,06/26/23 02:00:00 AM,13.654
805,06/26/23 02:30:00 AM,13.558
806,06/26/23 03:00:00 AM,12.980
807,06/26/23 03:30:00 AM,14.230
808,06/26/23 04:00:00 AM,14.421
809,06/26/23 04:30:00 AM,14.421
810,06/26/23 05:00:00 AM,14.709
811,06/26/23 05:30:00 AM,14.900
812,06/26/23 06:00:00 AM,15.187
813,06/26/23 06:30:00 AM,15.664
814,06/26/23 07:00:00 AM,15.569
815,06/26/23 07:30:00 AM,15.855
816,06/26/23 08:00:00 AM,15.473
817,06/26/23 08:30:00 AM,15.951
818,06/26/23 09:00:00 AM,15.760
819,06/26/23 09:30:00 AM,15.664
820,06/26/23 10:00:00 AM,15.569
821,06/26/23 10:30:00 AM,15.760
822,06/26/23 11:00:00 AM,15.760
823,06/26/23 11:30:00 AM,15.473
824,06/26/23 12:00:00 PM,15.569
825,06/26/23 12:30:00 PM,15.760
826,06/26/23 01:00:00 PM,15.569
827,06/26/23 01:30:00 PM,15.664
828,06/26/23 02:00:00 PM,15.473
829,06/26/23 02:30:00 PM,15.378
830,06/26/23 03:00:00 PM,15.378
831,06/26/23 03:30:00 PM,15.664
832,06/26/23 04:00:00 PM,15.855
833,06/26/23 04:30:00 PM,16.332
834,06/26/23 05:00:00 PM,16.999
835,06/26/23 05:30:00 PM,16.713
836,06/26/23 06:00:00 PM,16.427
837,06/26/23 06:30:00 PM,16.523
838,06/26/23 07:00:00 PM,16.618
839,06/26/23 07:30:00 PM,16.618
840,06/26/23 08:00:00 PM,16.618
841,06/26/23 08:30:00 PM,16.332
842,06/26/23 09:00:00 PM,16.427
843,06/26/23 09:30:00 PM,16.618
844,06/26/23 10:00:00 PM,16.427
845,06/26/23 10:30:00 PM,16.427
846,06/26/23 11:00:00 PM,16.427
847,06/26/23 11:30:00 PM,16.332
848,06/27/23 12:00:00 AM,16.523
849,06/27/23 12:30:00 AM,16.523
850,06/27/23 01:00:00 AM,16.523
851,06/27/23 01:30:00 AM,16.332
852,06/27/23 02:00:00 AM,16.237
853,06/27/23 02:30:00 AM,15.951
854,06/27/23 03:00:00 AM,15.187
855,06/27/23 03:30:00 AM,14.996
856,06/27/23 04:00:00 AM,14.996
857,06/27/23 04:30:00 AM,14.996
858,06/27/23 05:00:00 AM,15.091
859,06/27/23 05:30:00 AM,14.996
860,06/27/23 06:00:00 AM,14.996
861,06/27/23 06:30:00 AM,15.378
862,06/27/23 07:00:00 AM,15.951
863,06/27/23 07:30:00 AM,16.427
864,06/27/23 08:00:00 AM,16.618
865,06/27/23 08:30:00 AM,16.713
866,06/27/23 09:00:00 AM,17.189
867,06/27/23 09:30:00 AM,16.237
868,06/27/23 10:00:00 AM,16.999
869,06/27/23 10:30:00 AM,16.808
870,06/27/23 11:00:00 AM,16.903
871,06/27/23 11:30:00 AM,17.094
872,06/27/23 12:00:00 PM,17.379
873,06/27/23 12:30:00 PM,17.094
874,06/27/23 01:00:00 PM,16.427
875,06/27/23 01:30:00 PM,16.427
876,06/27/23 02:00:00 PM,16.713
877,06/27/23 02:30:00 PM,17.284
878,06/27/23 03:00:00 PM,17.284
879,06/27/23 03:30:00 PM,16.903
880,06/27/23 04:00:00 PM,16.999
881,06/27/23 04:30:00 PM,16.903
882,06/27/23 05:00:00 PM,16.618
883,06/27/23 05:30:00 PM,16.713
884,06/27/23 06:00:00 PM,16.903
885,06/27/23 06:30:00 PM,15.951
886,06/27/23 07:00:00 PM,16.523
887,06/27/23 07:30:00 PM,17.379
888,06/27/23 08:00:00 PM,17.855
889,06/27/23 08:30:00 PM,18.331
890,06/27/23 09:00:00 PM,18.521
891,06/27/23 09:30:00 PM,18.521
892,06/27/23 10:00:00 PM,18.045
893,06/27/23 10:30:00 PM,18.426
894,06/27/23 11:00:00 PM,18.426
895,06/27/23 11:30:00 PM,18.521
896,06/28/23 12:00:00 AM,17.855
897,06/28/23 12:30:00 AM,17.189
898,06/28/23 01:00:00 AM,17.094
899,06/28/23 01:30:00 AM,16.999
900,06/28/23 02:00:00 AM,16.332
901,06/28/23 02:30:00 AM,15.760
902,06/28/23 03:00:00 AM,15.664
903,06/28/23 03:30:00 AM,16.237
904,06/28/23 04:00:00 AM,15.569
905,06/28/23 04:30:00 AM,15.569
906,06/28/23 05:00:00 AM,15.760
907,06/28/23 05:30:00 AM,15.569
908,06/28/23 06:00:00 AM,16.046
909,06/28/23 06:30:00 AM,16.046
910,06/28/23 07:00:00 AM,16.903
911,06/28/23 07:30:00 AM,17.189
912,06/28/23 08:00:00 AM,17.570
913,06/28/23 08:30:00 AM,17.570
914,06/28/23 09:00:00 AM,17.475
915,06/28/23 09:30:00 AM,18.236
916,06/28/23 10:00:00 AM,17.855
917,06/28/23 10:30:00 AM,18.045
918,06/28/23 11:00:00 AM,17.665
919,06/28/23 11:30:00 AM,17.665
920,06/28/23 12:00:00 PM,17.284
921,06/28/23 12:30:00 PM,17.379
922,06/28/23 01:00:00 PM,17.189
923,06/28/23 01:30:00 PM,17.094
924,06/28/23 02:00:00 PM,16.999
925,06/28/23 02:30:00 PM,16.808
926,06/28/23 03:00:00 PM,16.523
927,06/28/23 03:30:00 PM,16.523
928,06/28/23 04:00:00 PM,16.713
929,06/28/23 04:30:00 PM,16.808
930,06/28/23 05:00:00 PM,16.808
931,06/28/23 05:30:00 PM,17.379
932,06/28/23 06:00:00 PM,18.140
933,06/28/23 06:30:00 PM,18.331
934,06/28/23 07:00:00 PM,18.616
935,06/28/23 07:30:00 PM,18.806
936,06/28/23 08:00:00 PM,18.996
937,06/28/23 08:30:00 PM,18.140
938,06/28/23 09:00:00 PM,17.950
939,06/28/23 09:30:00 PM,17.570
940,06/28/23 10:00:00 PM,17.379
941,06/28/23 10:30:00 PM,17.284
942,06/28/23 11:00:00 PM,16.427
943,06/28/23 11:30:00 PM,16.427
944,06/29/23 12:00:00 AM,16.141
945,06/29/23 12:30:00 AM,16.237
946,06/29/23 01:00:00 AM,16.427
947,06/29/23 01:30:00 AM,16.523
948,06/29/23 02:00:00 AM,16.427
949,06/29/23 02:30:00 AM,16.523
950,06/29/23 03:00:00 AM,16.141
951,06/29/23 03:30:00 AM,16.046
952,06/29/23 04:00:00 AM,16.046
953,06/29/23 04:30:00 AM,16.427
954,06/29/23 05:00:00 AM,16.332
955,06/29/23 05:30:00 AM,16.523
956,06/29/23 06:00:00 AM,16.523
957,06/29/23 06:30:00 AM,16.523
958,06/29/23 07:00:00 AM,16.618
959,06/29/23 07:30:00 AM,16.332
960,06/29/23 08:00:00 AM,16.332
961,06/29/23 08:30:00 AM,16.332
962,06/29/23 09:00:00 AM,17.665
963,06/29/23 09:30:00 AM,17.379
964,06/29/23 10:00:00 AM,18.045
965,06/29/23 10:30:00 AM,18.331
966,06/29/23 11:00:00 AM,18.045
967,06/29/23 11:30:00 AM,18.140
968,06/29/23 12:00:00 PM,17.855
969,06/29/23 12:30:00 PM,17.950
970,06/29/23 01:00:00 PM,17.950
971,06/29/23 01:30:00 PM,17.094
972,06/29/23 02:00:00 PM,17.475
973,06/29/23 02:30:00 PM,16.713
974,06/29/23 03:00:00 PM,16.332
975,06/29/23 03:30:00 PM,15.091
976,06/29/23 04:00:00 PM,14.134
977,06/29/23 04:30:00 PM,14.038
978,06/29/23 05:00:00 PM,14.230
979,06/29/23 05:30:00 PM,14.900
980,06/29/23 06:00:00 PM,15.569
981,06/29/23 06:30:00 PM,16.046
982,06/29/23 07:00:00 PM,15.569
983,06/29/23 07:30:00 PM,15.473
984,06/29/23 08:00:00 PM,15.282
985,06/29/23 08:30:00 PM,15.569
986,06/29/23 09:00:00 PM,15.282
987,06/29/23 09:30:00 PM,15.187
988,06/29/23 10:00:00 PM,15.282
989,06/29/23 10:30:00 PM,15.187
990,06/29/23 11:00:00 PM,15.091
991,06/29/23 11:30:00 PM,14.900
992,06/30/23 12:00:00 AM,14.996
993,06/30/23 12:30:00 AM,15.091
994,06/30/23 01:00:00 AM,14.996
995,06/30/23 01:30:00 AM,15.091
996,06/30/23 02:00:00 AM,15.187
997,06/30/23 02:30:00 AM,15.760
998,06/30/23 03:00:00 AM,15.951
999,06/30/23 03:30:00 AM,15.664
1000,06/30/23 04:00:00 AM,15.664
1001,06/30/23 04:30:00 AM,16.141
1002,06/30/23 05:00:00 AM,16.046
1003,06/30/23 05:30:00 AM,16.237
1004,06/30/23 06:00:00 AM,16.141
1005,06/30/23 06:30:00 AM,15.664
1006,06/30/23 07:00:00 AM,16.332
1007,06/30/23 07:30:00 AM,16.427
1008,06/30/23 08:00:00 AM,17.379
1009,06/30/23 08:30:00 AM,17.094
1010,06/30/23 09:00:00 AM,17.570
1011,06/30/23 09:30:00 AM,17.284
1012,06/30/23 10:00:00 AM,17.665
1013,06/30/23 10:30:00 AM,18.045
1014,06/30/23 11:00:00 AM,18.236
1015,06/30/23 11:30:00 AM,18.521
1016,06/30/23 12:00:00 PM,18.616
1017,06/30/23 12:30:00 PM,18.711
1018,06/30/23 01:00:00 PM,18.711
1019,06/30/23 01:30:00 PM,18.045
1020,06/30/23 02:00:00 PM,18.045
1021,06/30/23 02:30:00 PM,18.045
1022,06/30/23 03:00:00 PM,17.760
1023,06/30/23 03:30:00 PM,17.189
1024,06/30/23 04:00:00 PM,16.427
1025,06/30/23 04:30:00 PM,16.237
1026,06/30/23 05:00:00 PM,17.189
1027,06/30/23 05:30:00 PM,17.284
1028,06/30/23 06:00:00 PM,17.950
1029,06/30/23 06:30:00 PM,18.616
1030,06/30/23 07:00:00 PM,18.616
1031,06/30/23 07:30:00 PM,18.711
1032,06/30/23 08:00:00 PM,18.711
1033,06/30/23 08:30:00 PM,18.806
1034,06/30/23 09:00:00 PM,18.806
1035,06/30/23 09:30:00 PM,19.092
1036,06/30/23 10:00:00 PM,19.187
1037,06/30/23 10:30:00 PM,18.521
1038,06/30/23 11:00:00 PM,18.711
1039,06/30/23 11:30:00 PM,18.901
1040,07/01/23 12:00:00 AM,18.901
1041,07/01/23 12:30:00 AM,18.806
1042,07/01/23 01:00:00 AM,18.806
1043,07/01/23 01:30:00 AM,18.426
1044,07/01/23 02:00:00 AM,18.331
1045,07/01/23 02:30:00 AM,18.236
1046,07/01/23 03:00:00 AM,18.236
1047,07/01/23 03:30:00 AM,18.331
1048,07/01/23 04:00:00 AM,18.331
1049,07/01/23 04:30:00 AM,18.045
1050,07/01/23 05:00:00 AM,17.855
1051,07/01/23 05:30:00 AM,17.950
1052,07/01/23 06:00:00 AM,18.236
1053,07/01/23 06:30:00 AM,18.901
1054,07/01/23 07:00:00 AM,18.331
1055,07/01/23 07:30:00 AM,18.140
1056,07/01/23 08:00:00 AM,18.331
1057,07/01/23 08:30:00 AM,18.331
1058,07/01/23 09:00:00 AM,18.806
1059,07/01/23 09:30:00 AM,19.187
1060,07/01/23 10:00:00 AM,18.711
1061,07/01/23 10:30:00 AM,18.521
1062,07/01/23 11:00:00 AM,18.521
1063,07/01/23 11:30:00 AM,18.616
1064,07/01/23 12:00:00 PM,18.426
1065,07/01/23 12:30:00 PM,18.901
1066,07/01/23 01:00:00 PM,18.426
1067,07/01/23 01:30:00 PM,18.521
1068,07/01/23 02:00:00 PM,18.426
1069,07/01/23 02:30:00 PM,18.616
1070,07/01/23 03:00:00 PM,18.616
1071,07/01/23 03:30:00 PM,18.616
1072,07/01/23 04:00:00 PM,18.521
1073,07/01/23 04:30:00 PM,18.426
1074,07/01/23 05:00:00 PM,18.616
1075,07/01/23 05:30:00 PM,18.616
1076,07/01/23 06:00:00 PM,18.521
1077,07/01/23 06:30:00 PM,18.806
1078,07/01/23 07:00:00 PM,18.616
1079,07/01/23 07:30:00 PM,18.616
1080,07/01/23 08:00:00 PM,18.616
1081,07/01/23 08:30:00 PM,18.616
1082,07/01/23 09:00:00 PM,18.426
1083,07/01/23 09:30:00 PM,18.140
1084,07/01/23 10:00:00 PM,17.855
1085,07/01/23 10:30:00 PM,17.950
1086,07/01/23 11:00:00 PM,17.950
1087,07/01/23 11:30:00 PM,17.855
1088,07/02/23 12:00:00 AM,17.950
1089,07/02/23 12:30:00 AM,18.045
1090,07/02/23 01:00:00 AM,18.236
1091,07/02/23 01:30:00 AM,18.236
1092,07/02/23 02:00:00 AM,18.331
1093,07/02/23 02:30:00 AM,18.426
1094,07/02/23 03:00:00 AM,18.426
1095,07/02/23 03:30:00 AM,18.521
1096,07/02/23 04:00:00 AM,18.426
1097,07/02/23 04:30:00 AM,18.236
1098,07/02/23 05:00:00 AM,18.331
1099,07/02/23 05:30:00 AM,18.236
1100,07/02/23 06:00:00 AM,18.236
1101,07/02/23 06:30:00 AM,18.331
1102,07/02/23 07:00:00 AM,18.521
1103,07/02/23 07:30:00 AM,18.806
1104,07/02/23 08:00:00 AM,18.806
1105,07/02/23 08:30:00 AM,18.901
1106,07/02/23 09:00:00 AM,18.901
1107,07/02/23 09:30:00 AM,19.092
1108,07/02/23 10:00:00 AM,18.996
1109,07/02/23 10:30:00 AM,19.092
1110,07/02/23 11:00:00 AM,19.187
1111,07/02/23 11:30:00 AM,19.187
1112,07/02/23 12:00:00 PM,19.282
1113,07/02/23 12:30:00 PM,19.282
1114,07/02/23 01:00:00 PM,19.282
1115,07/02/23 01:30:00 PM,19.282
1116,07/02/23 02:00:00 PM,18.996
1117,07/02/23 02:30:00 PM,18.996
1118,07/02/23 03:00:00 PM,18.996
1119,07/02/23 03:30:00 PM,18.711
1120,07/02/23 04:00:00 PM,18.426
1121,07/02/23 04:30:00 PM,18.426
1122,07/02/23 05:00:00 PM,17.950
1123,07/02/23 05:30:00 PM,17.475
1124,07/02/23 06:00:00 PM,17.379
1125,07/02/23 06:30:00 PM,17.475
1126,07/02/23 07:00:00 PM,17.570
1127,07/02/23 07:30:00 PM,17.665
1128,07/02/23 08:00:00 PM,17.760
1129,07/02/23 08:30:00 PM,17.665
1130,07/02/23 09:00:00 PM,17.570
1131,07/02/23 09:30:00 PM,17.855
1132,07/02/23 10:00:00 PM,17.950
1133,07/02/23 10:30:00 PM,17.950
1134,07/02/23 11:00:00 PM,18.140
1135,07/02/23 11:30:00 PM,18.236
1136,07/03/23 12:00:00 AM,18.426
1137,07/03/23 12:30:00 AM,18.331
1138,07/03/23 01:00:00 AM,18.331
1139,07/03/23 01:30:00 AM,18.236
1140,07/03/23 02:00:00 AM,18.331
1141,07/03/23 02:30:00 AM,18.236
1142,07/03/23 03:00:00 AM,18.331
1143,07/03/23 03:30:00 AM,18.521
1144,07/03/23 04:00:00 AM,18.616
1145,07/03/23 04:30:00 AM,18.616
1146,07/03/23 05:00:00 AM,18.426
1147,07/03/23 05:30:00 AM,18.331
1148,07/03/23 06:00:00 AM,18.521
1149,07/03/23 06:30:00 AM,18.045
1150,07/03/23 07:00:00 AM,17.950
1151,07/03/23 07:30:00 AM,18.045
1152,07/03/23 08:00:00 AM,18.331
1153,07/03/23 08:30:00 AM,18.426
1154,07/03/23 09:00:00 AM,18.711
1155,07/03/23 09:30:00 AM,18.616
1156,07/03/23 10:00:00 AM,18.521
1157,07/03/23 10:30:00 AM,18.901
1158,07/03/23 11:00:00 AM,18.901
1159,07/03/23 11:30:00 AM,18.996
1160,07/03/23 12:00:00 PM,18.996
1161,07/03/23 12:30:00 PM,19.092
1162,07/03/23 01:00:00 PM,18.806
1163,07/03/23 01:30:00 PM,18.901
1164,07/03/23 02:00:00 PM,18.901
1165,07/03/23 02:30:00 PM,18.806
1166,07/03/23 03:00:00 PM,18.996
1167,07/03/23 03:30:00 PM,18.996
1168,07/03/23 04:00:00 PM,18.901
1169,07/03/23 04:30:00 PM,18.901
1170,07/03/23 05:00:00 PM,18.616
1171,07/03/23 05:30:00 PM,18.426
1172,07/03/23 06:00:00 PM,17.379
1173,07/03/23 06:30:00 PM,18.616
1174,07/03/23 07:00:00 PM,18.331
1175,07/03/23 07:30:00 PM,18.711
1176,07/03/23 08:00:00 PM,18.901
1177,07/03/23 08:30:00 PM,18.901
1178,07/03/23 09:00:00 PM,18.616
1179,07/03/23 09:30:00 PM,18.711
1180,07/03/23 10:00:00 PM,18.711
1181,07/03/23 10:30:00 PM,18.901
1182,07/03/23 11:00:00 PM,19.092
1183,07/03/23 11:30:00 PM,18.901
1184,07/04/23 12:00:00 AM,18.711
1185,07/04/23 12:30:00 AM,18.711
1186,07/04/23 01:00:00 AM,18.521
1187,07/04/23 01:30:00 AM,18.331
1188,07/04/23 02:00:00 AM,18.236
1189,07/04/23 02:30:00 AM,17.760
1190,07/04/23 03:00:00 AM,17.855
1191,07/04/23 03:30:00 AM,17.855
1192,07/04/23 04:00:00 AM,17.094
1193,07/04/23 04:30:00 AM,16.903
1194,07/04/23 05:00:00 AM,16.903
1195,07/04/23 05:30:00 AM,17.094
1196,07/04/23 06:00:00 AM,16.903
1197,07/04/23 06:30:00 AM,16.903
1198,07/04/23 07:00:00 AM,17.189
1199,07/04/23 07:30:00 AM,17.855
1200,07/04/23 08:00:00 AM,17.760
1201,07/04/23 08:30:00 AM,17.760
1202,07/04/23 09:00:00 AM,18.045
1203,07/04/23 09:30:00 AM,18.331
1204,07/04/23 10:00:00 AM,18.616
1205,07/04/23 10:30:00 AM,18.806
1206,07/04/23 11:00:00 AM,18.901
1207,07/04/23 11:30:00 AM,18.996
1208,07/04/23 12:00:00 PM,19.092
1209,07/04/23 12:30:00 PM,18.996
1210,07/04/23 01:00:00 PM,19.187
1211,07/04/23 01:30:00 PM,18.806
1212,07/04/23 02:00:00 PM,18.901
1213,07/04/23 02:30:00 PM,18.996
1214,07/04/23 03:00:00 PM,18.616
1215,07/04/23 03:30:00 PM,18.140
1216,07/04/23 04:00:00 PM,18.236
1217,07/04/23 04:30:00 PM,17.379
1218,07/04/23 05:00:00 PM,17.665
1219,07/04/23 05:30:00 PM,17.855
1220,07/04/23 06:00:00 PM,16.713
1221,07/04/23 06:30:00 PM,16.332
1222,07/04/23 07:00:00 PM,17.284
1223,07/04/23 07:30:00 PM,16.046
1224,07/04/23 08:00:00 PM,15.282
1225,07/04/23 08:30:00 PM,14.996
1226,07/04/23 09:00:00 PM,14.996
1227,07/04/23 09:30:00 PM,14.804
1228,07/04/23 10:00:00 PM,14.709
1229,07/04/23 10:30:00 PM,14.804
1230,07/04/23 11:00:00 PM,15.187
1231,07/04/23 11:30:00 PM,15.855
1232,07/05/23 12:00:00 AM,17.475
1233,07/05/23 12:30:00 AM,16.999
1234,07/05/23 01:00:00 AM,16.999
1235,07/05/23 01:30:00 AM,17.570
1236,07/05/23 02:00:00 AM,17.189
1237,07/05/23 02:30:00 AM,16.999
1238,07/05/23 03:00:00 AM,16.999
1239,07/05/23 03:30:00 AM,17.094
1240,07/05/23 04:00:00 AM,16.903
1241,07/05/23 04:30:00 AM,16.903
1242,07/05/23 05:00:00 AM,16.808
1243,07/05/23 05:30:00 AM,15.951
1244,07/05/23 06:00:00 AM,15.473
1245,07/05/23 06:30:00 AM,14.709
1246,07/05/23 07:00:00 AM,14.230
1247,07/05/23 07:30:00 AM,15.282
1248,07/05/23 08:00:00 AM,16.332
1249,07/05/23 08:30:00 AM,16.523
1250,07/05/23 09:00:00 AM,16.618
1251,07/05/23 09:30:00 AM,17.379
1252,07/05/23 10:00:00 AM,17.760
1253,07/05/23 10:30:00 AM,18.045
1254,07/05/23 11:00:00 AM,18.236
1255,07/05/23 11:30:00 AM,18.616
1256,07/05/23 12:00:00 PM,18.996
1257,07/05/23 12:30:00 PM,18.996
1258,07/05/23 01:00:00 PM,18.901
1259,07/05/23 01:30:00 PM,18.901
1260,07/05/23 02:00:00 PM,18.616
1261,07/05/23 02:30:00 PM,18.901
1262,07/05/23 03:00:00 PM,18.996
1263,07/05/23 03:30:00 PM,19.092
1264,07/05/23 04:00:00 PM,18.901
1265,07/05/23 04:30:00 PM,18.426
1266,07/05/23 05:00:00 PM,18.331
1267,07/05/23 05:30:00 PM,17.950
1268,07/05/23 06:00:00 PM,16.332
1269,07/05/23 06:30:00 PM,16.808
1270,07/05/23 07:00:00 PM,16.618
1271,07/05/23 07:30:00 PM,17.570
1272,07/05/23 08:00:00 PM,16.237
1273,07/05/23 08:30:00 PM,15.760
1274,07/05/23 09:00:00 PM,15.282
1275,07/05/23 09:30:00 PM,14.517
1276,07/05/23 10:00:00 PM,15.378
1277,07/05/23 10:30:00 PM,14.804
1278,07/05/23 11:00:00 PM,14.900
1279,07/05/23 11:30:00 PM,15.187
1280,07/06/23 12:00:00 AM,15.664
1281,07/06/23 12:30:00 AM,15.855
1282,07/06/23 01:00:00 AM,16.523
1283,07/06/23 01:30:00 AM,17.094
1284,07/06/23 02:00:00 AM,17.094
1285,07/06/23 02:30:00 AM,16.999
1286,07/06/23 03:00:00 AM,16.808
1287,07/06/23 03:30:00 AM,15.951
1288,07/06/23 04:00:00 AM,16.332
1289,07/06/23 04:30:00 AM,16.141
1290,07/06/23 05:00:00 AM,16.237
1291,07/06/23 05:30:00 AM,16.237
1292,07/06/23 06:00:00 AM,14.613
1293,07/06/23 06:30:00 AM,13.654
1294,07/06/23 07:00:00 AM,13.365
1295,07/06/23 07:30:00 AM,13.269
1296,07/06/23 08:00:00 AM,14.900
1297,07/06/23 08:30:00 AM,15.187
1298,07/06/23 09:00:00 AM,15.760
1299,07/06/23 09:30:00 AM,16.332
1300,07/06/23 10:00:00 AM,17.284
1301,07/06/23 10:30:00 AM,18.426
1302,07/06/23 11:00:00 AM,18.521
1303,07/06/23 11:30:00 AM,18.331
1304,07/06/23 12:00:00 PM,18.711
1305,07/06/23 12:30:00 PM,18.901
1306,07/06/23 01:00:00 PM,19.092
1307,07/06/23 01:30:00 PM,19.187
1308,07/06/23 02:00:00 PM,18.521
1309,07/06/23 02:30:00 PM,18.711
1310,07/06/23 03:00:00 PM,18.616
1311,07/06/23 03:30:00 PM,18.711
1312,07/06/23 04:00:00 PM,18.711
1313,07/06/23 04:30:00 PM,18.806
1314,07/06/23 05:00:00 PM,18.711
1315,07/06/23 05:30:00 PM,18.616
1316,07/06/23 06:00:00 PM,18.806
1317,07/06/23 06:30:00 PM,19.282
1318,07/06/23 07:00:00 PM,19.282
1319,07/06/23 07:30:00 PM,19.377
1320,07/06/23 08:00:00 PM,19.377
1321,07/06/23 08:30:00 PM,19.092
1322,07/06/23 09:00:00 PM,18.426
1323,07/06/23 09:30:00 PM,16.332
1324,07/06/23 10:00:00 PM,15.664
1325,07/06/23 10:30:00 PM,16.141
1326,07/06/23 11:00:00 PM,16.427
1327,07/06/23 11:30:00 PM,16.332
1328,07/07/23 12:00:00 AM,16.427
1329,07/07/23 12:30:00 AM,16.427
1330,07/07/23 01:00:00 AM,17.284
1331,07/07/23 01:30:00 AM,18.331
1332,07/07/23 02:00:00 AM,18.236
1333,07/07/23 02:30:00 AM,18.616
1334,07/07/23 03:00:00 AM,18.806
1335,07/07/23 03:30:00 AM,18.996
1336,07/07/23 04:00:00 AM,17.950
1337,07/07/23 04:30:00 AM,17.379
1338,07/07/23 05:00:00 AM,17.094
1339,07/07/23 05:30:00 AM,16.903
1340,07/07/23 06:00:00 AM,16.618
1341,07/07/23 06:30:00 AM,16.618
1342,07/07/23 07:00:00 AM,16.618
1343,07/07/23 07:30:00 AM,16.713
1344,07/07/23 08:00:00 AM,15.473
1345,07/07/23 08:30:00 AM,14.517
1346,07/07/23 09:00:00 AM,14.134
1347,07/07/23 09:30:00 AM,14.421
1348,07/07/23 10:00:00 AM,14.709
1349,07/07/23 10:30:00 AM,14.517
1350,07/07/23 11:00:00 AM,15.855
1351,07/07/23 11:30:00 AM,17.760
1352,07/07/23 12:00:00 PM,18.236
1353,07/07/23 12:30:00 PM,18.901
1354,07/07/23 01:00:00 PM,19.092
1355,07/07/23 01:30:00 PM,18.616
1356,07/07/23 02:00:00 PM,19.567
1357,07/07/23 02:30:00 PM,19.472
1358,07/07/23 03:00:00 PM,19.187
1359,07/07/23 03:30:00 PM,18.806
1360,07/07/23 04:00:00 PM,18.331
1361,07/07/23 04:30:00 PM,17.094
1362,07/07/23 05:00:00 PM,16.713
1363,07/07/23 05:30:00 PM,16.903
1364,07/07/23 06:00:00 PM,16.618
1365,07/07/23 06:30:00 PM,14.325
1366,07/07/23 07:00:00 PM,13.461
1367,07/07/23 07:30:00 PM,13.654
1368,07/07/23 08:00:00 PM,12.690
1369,07/07/23 08:30:00 PM,13.365
1370,07/07/23 09:00:00 PM,13.269
1371,07/07/23 09:30:00 PM,15.569
1372,07/07/23 10:00:00 PM,15.760
1373,07/07/23 10:30:00 PM,17.950
1374,07/07/23 11:00:00 PM,17.950
1375,07/07/23 11:30:00 PM,18.331
1376,07/08/23 12:00:00 AM,18.140
1377,07/08/23 12:30:00 AM,18.045
1378,07/08/23 01:00:00 AM,18.236
1379,07/08/23 01:30:00 AM,18.331
1380,07/08/23 02:00:00 AM,18.331
1381,07/08/23 02:30:00 AM,18.236
1382,07/08/23 03:00:00 AM,18.045
1383,07/08/23 03:30:00 AM,18.140
1384,07/08/23 04:00:00 AM,18.236
1385,07/08/23 04:30:00 AM,18.236
1386,07/08/23 05:00:00 AM,18.140
1387,07/08/23 05:30:00 AM,17.760
1388,07/08/23 06:00:00 AM,16.713
1389,07/08/23 06:30:00 AM,15.569
1390,07/08/23 07:00:00 AM,13.654
1391,07/08/23 07:30:00 AM,13.558
1392,07/08/23 08:00:00 AM,13.461
1393,07/08/23 08:30:00 AM,13.461
1394,07/08/23 09:00:00 AM,13.173
1395,07/08/23 09:30:00 AM,12.497
1396,07/08/23 10:00:00 AM,11.819
1397,07/08/23 10:30:00 AM,11.819
1398,07/08/23 11:00:00 AM,12.110
1399,07/08/23 11:30:00 AM,12.207
1400,07/08/23 12:00:00 PM,12.304
1401,07/08/23 12:30:00 PM,12.883
1402,07/08/23 01:00:00 PM,12.690
1403,07/08/23 01:30:00 PM,13.173
1404,07/08/23 02:00:00 PM,13.365
1405,07/08/23 02:30:00 PM,15.951
1406,07/08/23 03:00:00 PM,17.094
1407,07/08/23 03:30:00 PM,17.950
1408,07/08/23 04:00:00 PM,18.236
1409,07/08/23 04:30:00 PM,17.760
1410,07/08/23 05:00:00 PM,17.855
1411,07/08/23 05:30:00 PM,17.475
1412,07/08/23 06:00:00 PM,16.713
1413,07/08/23 06:30:00 PM,17.189
1414,07/08/23 07:00:00 PM,16.903
1415,07/08/23 07:30:00 PM,16.618
1416,07/08/23 08:00:00 PM,16.332
1417,07/08/23 08:30:00 PM,14.325
1418,07/08/23 09:00:00 PM,14.134
1419,07/08/23 09:30:00 PM,13.750
1420,07/08/23 10:00:00 PM,12.883
1421,07/08/23 10:30:00 PM,12.883
1422,07/08/23 11:00:00 PM,12.690
1423,07/08/23 11:30:00 PM,12.401
1424,07/09/23 12:00:00 AM,12.207
1425,07/09/23 12:30:00 AM,12.110
1426,07/09/23 01:00:00 AM,12.207
1427,07/09/23 01:30:00 AM,12.304
1428,07/09/23 02:00:00 AM,12.594
1429,07/09/23 02:30:00 AM,13.173
1430,07/09/23 03:00:00 AM,13.750
1431,07/09/23 03:30:00 AM,16.332
1432,07/09/23 04:00:00 AM,16.523
1433,07/09/23 04:30:00 AM,16.141
1434,07/09/23 05:00:00 AM,16.332
1435,07/09/23 05:30:00 AM,16.141
1436,07/09/23 06:00:00 AM,15.855
1437,07/09/23 06:30:00 AM,15.760
1438,07/09/23 07:00:00 AM,14.709
1439,07/09/23 07:30:00 AM,15.378
1440,07/09/23 08:00:00 AM,14.900
1441,07/09/23 08:30:00 AM,14.804
1442,07/09/23 09:00:00 AM,12.883
1443,07/09/23 09:30:00 AM,12.690
1444,07/09/23 10:00:00 AM,12.594
1445,07/09/23 10:30:00 AM,12.013
1446,07/09/23 11:00:00 AM,11.916
1447,07/09/23 11:30:00 AM,11.722
1448,07/09/23 12:00:00 PM,11.819
1449,07/09/23 12:30:00 PM,11.916
1450,07/09/23 01:00:00 PM,11.916
1451,07/09/23 01:30:00 PM,12.110
1452,07/09/23 02:00:00 PM,12.304
1453,07/09/23 02:30:00 PM,12.787
1454,07/09/23 03:00:00 PM,12.497
1455,07/09/23 03:30:00 PM,13.654
1456,07/09/23 04:00:00 PM,15.664
1457,07/09/23 04:30:00 PM,14.134
1458,07/09/23 05:00:00 PM,15.378
1459,07/09/23 05:30:00 PM,16.332
1460,07/09/23 06:00:00 PM,16.903
1461,07/09/23 06:30:00 PM,16.141
1462,07/09/23 07:00:00 PM,16.618
1463,07/09/23 07:30:00 PM,16.046
1464,07/09/23 08:00:00 PM,16.141
1465,07/09/23 08:30:00 PM,15.760
1466,07/09/23 09:00:00 PM,16.141
1467,07/09/23 09:30:00 PM,15.473
1468,07/09/23 10:00:00 PM,14.134
1469,07/09/23 10:30:00 PM,13.365
1470,07/09/23 11:00:00 PM,13.173
1471,07/09/23 11:30:00 PM,13.076
1472,07/10/23 12:00:00 AM,12.883
1473,07/10/23 12:30:00 AM,12.980
1474,07/10/23 01:00:00 AM,12.980
1475,07/10/23 01:30:00 AM,12.883
1476,07/10/23 02:00:00 AM,12.497
1477,07/10/23 02:30:00 AM,13.461
1478,07/10/23 03:00:00 AM,13.942
1479,07/10/23 03:30:00 AM,13.461
1480,07/10/23 04:00:00 AM,14.996
1481,07/10/23 04:30:00 AM,13.461
1482,07/10/23 05:00:00 AM,15.091
1483,07/10/23 05:30:00 AM,15.569
1484,07/10/23 06:00:00 AM,16.237
1485,07/10/23 06:30:00 AM,16.332
1486,07/10/23 07:00:00 AM,16.523
1487,07/10/23 07:30:00 AM,16.332
1488,07/10/23 08:00:00 AM,15.855
1489,07/10/23 08:30:00 AM,13.846
1490,07/10/23 09:00:00 AM,13.365
1491,07/10/23 09:30:00 AM,12.883
1492,07/10/23 10:00:00 AM,12.690
1493,07/10/23 10:30:00 AM,12.497
1494,07/10/23 11:00:00 AM,12.110
1495,07/10/23 11:30:00 AM,12.110
1496,07/10/23 12:00:00 PM,12.207
1497,07/10/23 12:30:00 PM,12.207
1498,07/10/23 01:00:00 PM,12.207
1499,07/10/23 01:30:00 PM,12.304
1500,07/10/23 02:00:00 PM,12.401
1501,07/10/23 02:30:00 PM,12.594
1502,07/10/23 03:00:00 PM,12.690
1503,07/10/23 03:30:00 PM,16.141
1504,07/10/23 04:00:00 PM,17.284
1505,07/10/23 04:30:00 PM,17.855
1506,07/10/23 05:00:00 PM,17.665
1507,07/10/23 05:30:00 PM,17.570
1508,07/10/23 06:00:00 PM,17.475
1509,07/10/23 06:30:00 PM,17.379
1510,07/10/23 07:00:00 PM,17.189
1511,07/10/23 07:30:00 PM,16.903
1512,07/10/23 08:00:00 PM,16.618
1513,07/10/23 08:30:00 PM,16.523
1514,07/10/23 09:00:00 PM,16.237
1515,07/10/23 09:30:00 PM,16.046
1516,07/10/23 10:00:00 PM,16.046
1517,07/10/23 10:30:00 PM,15.951
1518,07/10/23 11:00:00 PM,16.046
1519,07/10/23 11:30:00 PM,15.855
1520,07/11/23 12:00:00 AM,15.760
1521,07/11/23 12:30:00 AM,15.664
1522,07/11/23 01:00:00 AM,13.076
1523,07/11/23 01:30:00 AM,11.722
1524,07/11/23 02:00:00 AM,11.819
1525,07/11/23 02:30:00 AM,11.916
1526,07/11/23 03:00:00 AM,11.916
1527,07/11/23 03:30:00 AM,11.916
1528,07/11/23 04:00:00 AM,11.819
1529,07/11/23 04:30:00 AM,11.722
1530,07/11/23 05:00:00 AM,11.819
1531,07/11/23 05:30:00 AM,14.230
1532,07/11/23 06:00:00 AM,13.173
1533,07/11/23 06:30:00 AM,12.690
1534,07/11/23 07:00:00 AM,13.654
1535,07/11/23 07:30:00 AM,13.173
1536,07/11/23 08:00:00 AM,12.883
1537,07/11/23 08:30:00 AM,13.558
1538,07/11/23 09:00:00 AM,13.269
1539,07/11/23 09:30:00 AM,13.076
1540,07/11/23 10:00:00 AM,13.173
1541,07/11/23 10:30:00 AM,12.497
1542,07/11/23 11:00:00 AM,12.304
1543,07/11/23 11:30:00 AM,12.207
1544,07/11/23 12:00:00 PM,12.110
1545,07/11/23 12:30:00 PM,11.916
1546,07/11/23 01:00:00 PM,11.916
1547,07/11/23 01:30:00 PM,11.819
1548,07/11/23 02:00:00 PM,11.722
1549,07/11/23 02:30:00 PM,11.819
1550,07/11/23 03:00:00 PM,11.916
1551,07/11/23 03:30:00 PM,11.916
1552,07/11/23 04:00:00 PM,12.013
1553,07/11/23 04:30:00 PM,12.690
1554,07/11/23 05:00:00 PM,14.709
1555,07/11/23 05:30:00 PM,14.996
1556,07/11/23 06:00:00 PM,15.282
1557,07/11/23 06:30:00 PM,15.569
1558,07/11/23 07:00:00 PM,15.664
1559,07/11/23 07:30:00 PM,16.332
1560,07/11/23 08:00:00 PM,16.141
1561,07/11/23 08:30:00 PM,15.951
1562,07/11/23 09:00:00 PM,15.664
1563,07/11/23 09:30:00 PM,15.473
1564,07/11/23 10:00:00 PM,15.569
1565,07/11/23 10:30:00 PM,15.473
1566,07/11/23 11:00:00 PM,15.473
1567,07/11/23 11:30:00 PM,15.282
1568,07/12/23 12:00:00 AM,14.996
1569,07/12/23 12:30:00 AM,14.900
1570,07/12/23 01:00:00 AM,14.709
1571,07/12/23 01:30:00 AM,13.654
1572,07/12/23 02:00:00 AM,12.594
1573,07/12/23 02:30:00 AM,12.690
1574,07/12/23 03:00:00 AM,12.497
1575,07/12/23 03:30:00 AM,12.497
1576,07/12/23 04:00:00 AM,12.497
1577,07/12/23 04:30:00 AM,12.690
1578,07/12/23 05:00:00 AM,13.269
1579,07/12/23 05:30:00 AM,12.980
1580,07/12/23 06:00:00 AM,13.654
1581,07/12/23 06:30:00 AM,14.325
1582,07/12/23 07:00:00 AM,13.558
1583,07/12/23 07:30:00 AM,14.421
1584,07/12/23 08:00:00 AM,13.846
1585,07/12/23 08:30:00 AM,14.900
1586,07/12/23 09:00:00 AM,14.325
1587,07/12/23 09:30:00 AM,14.709
1588,07/12/23 10:00:00 AM,14.709
1589,07/12/23 10:30:00 AM,14.613
1590,07/12/23 11:00:00 AM,14.996
1591,07/12/23 11:30:00 AM,14.900
1592,07/12/23 12:00:00 PM,14.134
1593,07/12/23 12:30:00 PM,13.750
1594,07/12/23 01:00:00 PM,13.365
1595,07/12/23 01:30:00 PM,14.517
1596,07/12/23 02:00:00 PM,14.517
1597,07/12/23 02:30:00 PM,14.804
1598,07/12/23 03:00:00 PM,14.996
1599,07/12/23 03:30:00 PM,14.709
1600,07/12/23 04:00:00 PM,14.517
1601,07/12/23 04:30:00 PM,14.230
1602,07/12/23 05:00:00 PM,14.230
1603,07/12/23 05:30:00 PM,14.134
1604,07/12/23 06:00:00 PM,13.750
1605,07/12/23 06:30:00 PM,14.613
1606,07/12/23 07:00:00 PM,14.613
1607,07/12/23 07:30:00 PM,15.091
1608,07/12/23 08:00:00 PM,15.760
1609,07/12/23 08:30:00 PM,15.664
1610,07/12/23 09:00:00 PM,15.760
1611,07/12/23 09:30:00 PM,15.951
1612,07/12/23 10:00:00 PM,16.141
1613,07/12/23 10:30:00 PM,16.046
1614,07/12/23 11:00:00 PM,16.237
1615,07/12/23 11:30:00 PM,16.332
1616,07/13/23 12:00:00 AM,16.332
1617,07/13/23 12:30:00 AM,16.332
1618,07/13/23 01:00:00 AM,16.332
1619,07/13/23 01:30:00 AM,16.332
1620,07/13/23 02:00:00 AM,16.427
1621,07/13/23 02:30:00 AM,16.332
1622,07/13/23 03:00:00 AM,14.996
1623,07/13/23 03:30:00 AM,14.038
1624,07/13/23 04:00:00 AM,14.421
1625,07/13/23 04:30:00 AM,14.517
1626,07/13/23 05:00:00 AM,14.325
1627,07/13/23 05:30:00 AM,14.325
1628,07/13/23 06:00:00 AM,14.613
1629,07/13/23 06:30:00 AM,14.996
1630,07/13/23 07:00:00 AM,14.038
1631,07/13/23 07:30:00 AM,13.558
1632,07/13/23 08:00:00 AM,13.461
1633,07/13/23 08:30:00 AM,13.942
1634,07/13/23 09:00:00 AM,14.134
1635,07/13/23 09:30:00 AM,14.804
1636,07/13/23 10:00:00 AM,14.996
1637,07/13/23 10:30:00 AM,14.421
1638,07/13/23 11:00:00 AM,14.709
1639,07/13/23 11:30:00 AM,15.473
1640,07/13/23 12:00:00 PM,15.569
1641,07/13/23 12:30:00 PM,15.760
1642,07/13/23 01:00:00 PM,15.282
1643,07/13/23 01:30:00 PM,14.996
1644,07/13/23 02:00:00 PM,14.900
1645,07/13/23 02:30:00 PM,14.613
1646,07/13/23 03:00:00 PM,13.365
1647,07/13/23 03:30:00 PM,13.365
1648,07/13/23 04:00:00 PM,13.461
1649,07/13/23 04:30:00 PM,13.750
1650,07/13/23 05:00:00 PM,13.942
1651,07/13/23 05:30:00 PM,14.421
1652,07/13/23 06:00:00 PM,14.709
1653,07/13/23 06:30:00 PM,14.709
1654,07/13/23 07:00:00 PM,14.709
1655,07/13/23 07:30:00 PM,16.999
1656,07/13/23 08:00:00 PM,17.760
1657,07/13/23 08:30:00 PM,17.760
1658,07/13/23 09:00:00 PM,17.570
1659,07/13/23 09:30:00 PM,17.570
1660,07/13/23 10:00:00 PM,17.475
1661,07/13/23 10:30:00 PM,17.379
1662,07/13/23 11:00:00 PM,17.284
1663,07/13/23 11:30:00 PM,17.284
1664,07/14/23 12:00:00 AM,17.189
1665,07/14/23 12:30:00 AM,16.903
1666,07/14/23 01:00:00 AM,16.808
1667,07/14/23 01:30:00 AM,16.523
1668,07/14/23 02:00:00 AM,15.760
1669,07/14/23 02:30:00 AM,15.951
1670,07/14/23 03:00:00 AM,15.951
1671,07/14/23 03:30:00 AM,15.855
1672,07/14/23 04:00:00 AM,15.951
1673,07/14/23 04:30:00 AM,15.951
1674,07/14/23 05:00:00 AM,15.664
1675,07/14/23 05:30:00 AM,15.569
1676,07/14/23 06:00:00 AM,15.664
1677,07/14/23 06:30:00 AM,15.473
1678,07/14/23 07:00:00 AM,15.378
1679,07/14/23 07:30:00 AM,15.187
1680,07/14/23 08:00:00 AM,15.091
1681,07/14/23 08:30:00 AM,15.664
1682,07/14/23 09:00:00 AM,15.473
1683,07/14/23 09:30:00 AM,16.046
1684,07/14/23 10:00:00 AM,15.282
1685,07/14/23 10:30:00 AM,16.046
1686,07/14/23 11:00:00 AM,16.427
1687,07/14/23 11:30:00 AM,16.427
1688,07/14/23 12:00:00 PM,16.237
1689,07/14/23 12:30:00 PM,16.523
1690,07/14/23 01:00:00 PM,16.332
1691,07/14/23 01:30:00 PM,16.046
1692,07/14/23 02:00:00 PM,15.091
1693,07/14/23 02:30:00 PM,14.421
1694,07/14/23 03:00:00 PM,14.134
1695,07/14/23 03:30:00 PM,14.134
1696,07/14/23 04:00:00 PM,14.134
1697,07/14/23 04:30:00 PM,14.325
1698,07/14/23 05:00:00 PM,14.230
1699,07/14/23 05:30:00 PM,14.325
1700,07/14/23 06:00:00 PM,14.230
1701,07/14/23 06:30:00 PM,14.709
1702,07/14/23 07:00:00 PM,14.996
1703,07/14/23 07:30:00 PM,15.187
1704,07/14/23 08:00:00 PM,15.664
1705,07/14/23 08:30:00 PM,15.664
1706,07/14/23 09:00:00 PM,15.760
1707,07/14/23 09:30:00 PM,15.282
1708,07/14/23 10:00:00 PM,15.187
1709,07/14/23 10:30:00 PM,15.569
1710,07/14/23 11:00:00 PM,15.855
1711,07/14/23 11:30:00 PM,15.569
1712,07/15/23 12:00:00 AM,14.804
1713,07/15/23 12:30:00 AM,14.804
1714,07/15/23 01:00:00 AM,14.996
1715,07/15/23 01:30:00 AM,15.187
1716,07/15/23 02:00:00 AM,15.378
1717,07/15/23 02:30:00 AM,15.473
1718,07/15/23 03:00:00 AM,15.760
1719,07/15/23 03:30:00 AM,15.951
1720,07/15/23 04:00:00 AM,15.855
1721,07/15/23 04:30:00 AM,15.664
1722,07/15/23 05:00:00 AM,15.855
1723,07/15/23 05:30:00 AM,16.427
1724,07/15/23 06:00:00 AM,16.808
1725,07/15/23 06:30:00 AM,16.427
1726,07/15/23 07:00:00 AM,16.618
1727,07/15/23 07:30:00 AM,16.903
1728,07/15/23 08:00:00 AM,16.523
1729,07/15/23 08:30:00 AM,16.808
1730,07/15/23 09:00:00 AM,16.141
1731,07/15/23 09:30:00 AM,16.903
1732,07/15/23 10:00:00 AM,16.427
1733,07/15/23 10:30:00 AM,16.237
1734,07/15/23 11:00:00 AM,16.332
1735,07/15/23 11:30:00 AM,16.808
1736,07/15/23 12:00:00 PM,17.094
1737,07/15/23 12:30:00 PM,17.284
1738,07/15/23 01:00:00 PM,17.284
1739,07/15/23 01:30:00 PM,16.427
1740,07/15/23 02:00:00 PM,16.618
1741,07/15/23 02:30:00 PM,16.332
1742,07/15/23 03:00:00 PM,16.046
1743,07/15/23 03:30:00 PM,15.855
1744,07/15/23 04:00:00 PM,15.855
1745,07/15/23 04:30:00 PM,15.760
1746,07/15/23 05:00:00 PM,15.664
1747,07/15/23 05:30:00 PM,15.569
1748,07/15/23 06:00:00 PM,15.378
1749,07/15/23 06:30:00 PM,15.951
1750,07/15/23 07:00:00 PM,16.808
1751,07/15/23 07:30:00 PM,16.903
1752,07/15/23 08:00:00 PM,16.141
1753,07/15/23 08:30:00 PM,15.760
1754,07/15/23 09:00:00 PM,16.618
1755,07/15/23 09:30:00 PM,17.094
1756,07/15/23 10:00:00 PM,17.475
1757,07/15/23 10:30:00 PM,17.475
1758,07/15/23 11:00:00 PM,17.950
1759,07/15/23 11:30:00 PM,17.855
1760,07/16/23 12:00:00 AM,17.665
1761,07/16/23 12:30:00 AM,15.760
1762,07/16/23 01:00:00 AM,15.855
1763,07/16/23 01:30:00 AM,15.378
1764,07/16/23 02:00:00 AM,15.473
1765,07/16/23 02:30:00 AM,15.473
1766,07/16/23 03:00:00 AM,15.473
1767,07/16/23 03:30:00 AM,15.664
1768,07/16/23 04:00:00 AM,15.473
1769,07/16/23 04:30:00 AM,15.282
1770,07/16/23 05:00:00 AM,15.282
1771,07/16/23 05:30:00 AM,15.378
1772,07/16/23 06:00:00 AM,15.282
1773,07/16/23 06:30:00 AM,15.282
1774,07/16/23 07:00:00 AM,15.473
1775,07/16/23 07:30:00 AM,15.760
1776,07/16/23 08:00:00 AM,15.187
1777,07/16/23 08:30:00 AM,14.996
1778,07/16/23 09:00:00 AM,16.046
1779,07/16/23 09:30:00 AM,16.523
1780,07/16/23 10:00:00 AM,15.951
1781,07/16/23 10:30:00 AM,16.046
1782,07/16/23 11:00:00 AM,16.999
1783,07/16/23 11:30:00 AM,17.284
1784,07/16/23 12:00:00 PM,15.951
1785,07/16/23 12:30:00 PM,17.189
1786,07/16/23 01:00:00 PM,17.570
1787,07/16/23 01:30:00 PM,17.665
1788,07/16/23 02:00:00 PM,16.903
1789,07/16/23 02:30:00 PM,16.903
1790,07/16/23 03:00:00 PM,16.427
1791,07/16/23 03:30:00 PM,16.237
1792,07/16/23 04:00:00 PM,16.427
1793,07/16/23 04:30:00 PM,16.237
1794,07/16/23 05:00:00 PM,16.427
1795,07/16/23 05:30:00 PM,16.427
1796,07/16/23 06:00:00 PM,16.903
1797,07/16/23 06:30:00 PM,16.141
1798,07/16/23 07:00:00 PM,16.332
1799,07/16/23 07:30:00 PM,16.618
1800,07/16/23 08:00:00 PM,16.427
1801,07/16/23 08:30:00 PM,15.760
1802,07/16/23 09:00:00 PM,14.230
1803,07/16/23 09:30:00 PM,14.421
1804,07/16/23 10:00:00 PM,14.709
1805,07/16/23 10:30:00 PM,15.282
1806,07/16/23 11:00:00 PM,15.664
1807,07/16/23 11:30:00 PM,15.664
1808,07/17/23 12:00:00 AM,15.091
1809,07/17/23 12:30:00 AM,14.421
1810,07/17/23 01:00:00 AM,14.421
1811,07/17/23 01:30:00 AM,14.421
1812,07/17/23 02:00:00 AM,14.804
1813,07/17/23 02:30:00 AM,14.996
1814,07/17/23 03:00:00 AM,14.900
1815,07/17/23 03:30:00 AM,14.421
1816,07/17/23 04:00:00 AM,14.230
1817,07/17/23 04:30:00 AM,14.230
1818,07/17/23 05:00:00 AM,14.325
1819,07/17/23 05:30:00 AM,15.187
1820,07/17/23 06:00:00 AM,15.378
1821,07/17/23 06:30:00 AM,15.187
1822,07/17/23 07:00:00 AM,15.473
1823,07/17/23 07:30:00 AM,15.473
1824,07/17/23 08:00:00 AM,14.709
1825,07/17/23 08:30:00 AM,14.900
1826,07/17/23 09:00:00 AM,16.332
1827,07/17/23 09:30:00 AM,16.427
1828,07/17/23 09:41:02 AM,
1829,07/17/23 09:41:06 AM,